"event_name","owner","trigger","context_fields","notes","schema_version"
"article_view","site","記事・ニュース解説のページを表示したとき（1ページ1回）","page_type page_path content_id content_slug content_version theme_cluster pattern_id","SNS 訪問かどうかはセッション属性で判定する（page view ごとに数えない）","2026-10-v1"
"site_search_result_clicked","site","記事検索の結果をクリックしたとき","page_type target_path result_position","検索語（自由入力）はイベントに入れない","2026-10-v1"
"check_started","site","条件整理チェックで最初の回答を選んだとき（1回）","page_type check_version pattern_id","回答の中身は入れない","2026-10-v1"
"check_completed","site","条件整理チェックの結果を表示したとき","page_type check_version pattern_id","回答の中身・結果の中身は入れない","2026-10-v1"
"cta_clicked","site","data-cta-kind を持つボタン・リンクを押したとき","page_type page_path content_slug cta_placement cta_kind pattern_id target_path","cta_kind: consultation-apply / consultation-info / check / journey-step / journey-start","2026-10-v1"
"partner_outbound","site","本番送客が有効なときに、提携先の申込ページへのリンクを押したとき","page_type page_path content_slug cta_placement pattern_id","デモ（本番送客なし）では発生しない。申込の完了ではない","2026-10-v1"
"partner_registered","partner","提携先で登録が完了した（提携先が判定）","","提携先から返してもらう。サイトでは発火しない","2026-10-v1"
"meeting_reserved","partner","面談の予約が入った（提携先が判定）","","同上","2026-10-v1"
"meeting_completed","partner","面談を実施した（提携先が判定）","","同上。No Show は completed にしない","2026-10-v1"
"meeting_approved","partner","成果条件を満たす面談として承認された（提携先が判定）","","成果報酬の対象になりうる。条件・期限は正式契約で決める","2026-10-v1"
"meeting_rejected","partner","成果条件を満たさないと判定された（重複・既登録・対象外など）","","否認理由のコードを返してもらう","2026-10-v1"
